{"cameraMode":{"drawMode":0,"name":"Shaded","section":"Shading Mode"},"sceneLighting":true,"audioPlay":false,"sceneViewState":{"showFog":true,"showMaterialUpdate":false,"showSkybox":true,"showFlares":true,"showImageEffects":true,"showParticleSystems":true},"in2DMode":false,"pivot":{"x":-10.795452117919922,"y":45.762367248535159,"z":4.167638301849365},"rotation":{"x":0.18815985321998597,"y":0.8083838224411011,"z":-0.34969469904899599,"w":0.434788316488266},"size":1.5049233436584473,"orthographic":false}